,Year,Country,Emigrants
13,2020, Central and Southern Asia,
27,2020, Eastern and South-Eastern Asia,
86,2020, Taiwan,
100,2020, Tanzania,
150,2020,Afghanistan,5853838.0
164,2020,Africa,40567163.0
305,2020,Albania,1250451.0
358,2020,Algeria,2022337.0
365,2020,American Samoa,1832.0
383,2020,Andorra,11132.0
444,2020,Angola,668066.0
451,2020,Anguilla,2505.0
491,2020,Antigua and Barbuda,66561.0
557,2020,Argentina,1076148.0
607,2020,Armenia,958190.0
641,2020,Aruba,21456.0
655,2020,Asia,114911484.0
712,2020,Australia,598765.0
1385,2020,Australia and New Zealand,1404924.0
1386,2020,Australia and New Zealand,1404924.0
1387,2020,Australia and New Zealand,1404924.0
1388,2020,Australia and New Zealand,1404924.0
1389,2020,Australia and New Zealand,1404924.0
1390,2020,Australia and New Zealand,1404924.0
1391,2020,Australia and New Zealand,1404924.0
1392,2020,Australia and New Zealand,1404924.0
1393,2020,Australia and New Zealand,1404924.0
1394,2020,Australia and New Zealand,1404924.0
1395,2020,Australia and New Zealand,1404924.0
1396,2020,Australia and New Zealand,1404924.0
1397,2020,Australia and New Zealand,1404924.0
1398,2020,Australia and New Zealand,1404924.0
1399,2020,Australia and New Zealand,1404924.0
1400,2020,Australia and New Zealand,1404924.0
1401,2020,Australia and New Zealand,1404924.0
1402,2020,Australia and New Zealand,1404924.0
1403,2020,Australia and New Zealand,1404924.0
1404,2020,Australia and New Zealand,1404924.0
1405,2020,Australia and New Zealand,1404924.0
1406,2020,Australia and New Zealand,1404924.0
1407,2020,Australia and New Zealand,1404924.0
1408,2020,Australia and New Zealand,1404924.0
1409,2020,Australia and New Zealand,1404924.0
1410,2020,Australia and New Zealand,1404924.0
1411,2020,Australia and New Zealand,1404924.0
1412,2020,Australia and New Zealand,1404924.0
1413,2020,Australia and New Zealand,1404924.0
1414,2020,Australia and New Zealand,1404924.0
1415,2020,Australia and New Zealand,1404924.0
1416,2020,Australia and New Zealand,1404924.0
1417,2020,Australia and New Zealand,1404924.0
1418,2020,Australia and New Zealand,1404924.0
1419,2020,Australia and New Zealand,1404924.0
1420,2020,Australia and New Zealand,1404924.0
1421,2020,Australia and New Zealand,1404924.0
1422,2020,Australia and New Zealand,1404924.0
1423,2020,Australia and New Zealand,1404924.0
1424,2020,Australia and New Zealand,1404924.0
1425,2020,Australia and New Zealand,1404924.0
1426,2020,Australia and New Zealand,1404924.0
1427,2020,Australia and New Zealand,1404924.0
1428,2020,Australia and New Zealand,1404924.0
1429,2020,Australia and New Zealand,1404924.0
1430,2020,Australia and New Zealand,1404924.0
1431,2020,Australia and New Zealand,1404924.0
1432,2020,Australia and New Zealand,1404924.0
1433,2020,Australia and New Zealand,1404924.0
1434,2020,Australia and New Zealand,1404924.0
1435,2020,Australia and New Zealand,1404924.0
1436,2020,Australia and New Zealand,1404924.0
1437,2020,Australia and New Zealand,1404924.0
1438,2020,Australia and New Zealand,1404924.0
1439,2020,Australia and New Zealand,1404924.0
1440,2020,Australia and New Zealand,1404924.0
1441,2020,Australia and New Zealand,1404924.0
1442,2020,Australia and New Zealand,1404924.0
1443,2020,Australia and New Zealand,1404924.0
1444,2020,Australia and New Zealand,1404924.0
1445,2020,Australia and New Zealand,1404924.0
1446,2020,Australia and New Zealand,1404924.0
1447,2020,Australia and New Zealand,1404924.0
1448,2020,Australia and New Zealand,1404924.0
1449,2020,Australia and New Zealand,1404924.0
1450,2020,Australia and New Zealand,1404924.0
1451,2020,Australia and New Zealand,1404924.0
1452,2020,Australia and New Zealand,1404924.0
1453,2020,Australia and New Zealand,1404924.0
1454,2020,Australia and New Zealand,1404924.0
1455,2020,Australia and New Zealand,1404924.0
1456,2020,Australia and New Zealand,1404924.0
1457,2020,Australia and New Zealand,1404924.0
1458,2020,Australia and New Zealand,1404924.0
1459,2020,Australia and New Zealand,1404924.0
1460,2020,Australia and New Zealand,1404924.0
1461,2020,Australia and New Zealand,1404924.0
1462,2020,Australia and New Zealand,1404924.0
1463,2020,Australia and New Zealand,1404924.0
1464,2020,Australia and New Zealand,1404924.0
1465,2020,Australia and New Zealand,1404924.0
1466,2020,Australia and New Zealand,1404924.0
1467,2020,Australia and New Zealand,1404924.0
1468,2020,Australia and New Zealand,1404924.0
1469,2020,Australia and New Zealand,1404924.0
1470,2020,Australia and New Zealand,1404924.0
1471,2020,Australia and New Zealand,1404924.0
1472,2020,Australia and New Zealand,1404924.0
1473,2020,Australia and New Zealand,1404924.0
1474,2020,Australia and New Zealand,1404924.0
1475,2020,Australia and New Zealand,1404924.0
1476,2020,Australia and New Zealand,1404924.0
1477,2020,Australia and New Zealand,1404924.0
1478,2020,Australia and New Zealand,1404924.0
1479,2020,Australia and New Zealand,1404924.0
1480,2020,Australia and New Zealand,1404924.0
1481,2020,Australia and New Zealand,1404924.0
1482,2020,Australia and New Zealand,1404924.0
1483,2020,Australia and New Zealand,1404924.0
1484,2020,Australia and New Zealand,1404924.0
1485,2020,Australia and New Zealand,1404924.0
1486,2020,Australia and New Zealand,1404924.0
1487,2020,Australia and New Zealand,1404924.0
1488,2020,Australia and New Zealand,1404924.0
1489,2020,Australia and New Zealand,1404924.0
1490,2020,Australia and New Zealand,1404924.0
1491,2020,Australia and New Zealand,1404924.0
1492,2020,Australia and New Zealand,1404924.0
1493,2020,Australia and New Zealand,1404924.0
1494,2020,Australia and New Zealand,1404924.0
1495,2020,Australia and New Zealand,1404924.0
1496,2020,Australia and New Zealand,1404924.0
1497,2020,Australia and New Zealand,1404924.0
1498,2020,Australia and New Zealand,1404924.0
1499,2020,Australia and New Zealand,1404924.0
1500,2020,Australia and New Zealand,1404924.0
1501,2020,Australia and New Zealand,1404924.0
1502,2020,Australia and New Zealand,1404924.0
1503,2020,Australia and New Zealand,1404924.0
1504,2020,Australia and New Zealand,1404924.0
1505,2020,Australia and New Zealand,1404924.0
1506,2020,Australia and New Zealand,1404924.0
1507,2020,Australia and New Zealand,1404924.0
1508,2020,Australia and New Zealand,1404924.0
1509,2020,Australia and New Zealand,1404924.0
1510,2020,Australia and New Zealand,1404924.0
1511,2020,Australia and New Zealand,1404924.0
1512,2020,Australia and New Zealand,1404924.0
1526,2020,Australia/New Zealand,
1594,2020,Austria,600740.0
1629,2020,Azerbaijan,1163922.0
1662,2020,Bahamas,53793.0
1702,2020,Bahrain,58270.0
1750,2020,Bangladesh,7401763.0
1800,2020,Barbados,99611.0
1834,2020,Belarus,1483626.0
1902,2020,Belgium,577463.0
1947,2020,Belize,52756.0
1997,2020,Benin,681827.0
2014,2020,Bermuda,21107.0
2050,2020,Bhutan,51998.0
2101,2020,Bolivia,927244.0
2108,2020,Bonaire Sint Eustatius and Saba,8148.0
2143,2020,Bosnia and Herzegovina,1687639.0
2197,2020,Botswana,63561.0
2251,2020,Brazil,1897128.0
2258,2020,British Virgin Islands,5355.0
2279,2020,Brunei,45340.0
2340,2020,Bulgaria,1683074.0
2390,2020,Burkina Faso,1599347.0
2450,2020,Burundi,551105.0
2505,2020,Cambodia,1104819.0
2555,2020,Cameroon,441015.0
2623,2020,Canada,1292329.0
2670,2020,Cape Verde,187558.0
2684,2020,Caribbean,9078772.0
2742,2020,Cayman Islands,1908.0
2797,2020,Central African Republic,816668.0
2811,2020,Central America,16198974.0
2825,2020,Central Asia,7835504.0
2855,2020,Central and Southern Asia,51229549.0
2904,2020,Chad,222303.0
2918,2020,Channel Islands,17158.0
2972,2020,Chile,643800.0
3024,2020,China,10461170.0
3077,2020,Colombia,3024273.0
3122,2020,Comoros,150823.0
3170,2020,Congo,223767.0
3177,2020,Cook Islands,21106.0
3226,2020,Costa Rica,150241.0
3276,2020,Cote d'Ivoire,1149298.0
3311,2020,Croatia,1039526.0
3362,2020,Cuba,1757300.0
3383,2020,Curacao,7611.0
3434,2020,Cyprus,173210.0
3496,2020,Czechia,1026108.0
3557,2020,Democratic Republic of Congo,1832069.0
3620,2020,Denmark,257025.0
3627,2020,Developed regions,69815370.0
3674,2020,Djibouti,18365.0
3716,2020,Dominica,78191.0
3769,2020,Dominican Republic,1608567.0
3909,2020,East Asia and Pacific,
3923,2020,Eastern Africa,12027289.0
3937,2020,Eastern Asia,14820004.0
3951,2020,Eastern Europe,32194352.0
3952,2020,Eastern Europe and Central Asia,
3959,2020,Eastern and South-Eastern Asia,38400740.0
3960,2020,Eastern and Southern Africa,
4008,2020,Ecuador,1127891.0
4063,2020,Egypt,3610461.0
4111,2020,El Salvador,1599058.0
4155,2020,Equatorial Guinea,128774.0
4201,2020,Eritrea,802822.0
4240,2020,Estonia,206631.0
4293,2020,Eswatini,50039.0
4348,2020,Ethiopia,946129.0
4443,2020,Europe,63273663.0
4444,2020,Europe,63273663.0
4445,2020,Europe,63273663.0
4446,2020,Europe,63273663.0
4561,2020,Europe and Central Asia,
4575,2020,Europe and Northern America,67601621.0
4638,2020,Faeroe Islands,12927.0
4645,2020,Falkland Islands,1518.0
4691,2020,Fiji,233856.0
4740,2020,Finland,311889.0
4839,2020,France,2341908.0
4859,2020,French Guiana,4595.0
4874,2020,French Polynesia,2157.0
4924,2020,Gabon,48392.0
4964,2020,Gambia,139210.0
4999,2020,Georgia,861077.0
5067,2020,Germany,3855268.0
5119,2020,Ghana,1004324.0
5126,2020,Gibraltar,13389.0
5194,2020,Greece,1088507.0
5201,2020,Greenland,17866.0
5241,2020,Grenada,62204.0
5257,2020,Guadeloupe,12542.0
5271,2020,Guam,2213.0
5318,2020,Guatemala,1368431.0
5364,2020,Guinea,550790.0
5422,2020,Guinea-Bissau,111790.0
5460,2020,Guyana,438413.0
5512,2020,Haiti,1769671.0
5603,2020,High-income countries,52808019.0
5653,2020,Honduras,985077.0
5705,2020,Hong Kong,1007788.0
5767,2020,Hungary,714420.0
5969,2020,Iceland,43251.0
6027,2020,India,17869492.0
6073,2020,Indonesia,4601369.0
6122,2020,Iran,1325113.0
6170,2020,Iraq,2077976.0
6212,2020,Ireland,734317.0
6219,2020,Isle of Man,12032.0
6257,2020,Israel,358691.0
6325,2020,Italy,3258831.0
6373,2020,Jamaica,1118931.0
6420,2020,Japan,808825.0
6471,2020,Jordan,814909.0
6505,2020,Kazakhstan,4203899.0
6558,2020,Kenya,535348.0
6595,2020,Kiribati,5103.0
6647,2020,Kuwait,212271.0
6681,2020,Kyrgyzstan,774377.0
6695,2020,Land-locked Developing Countries (LLDC),35277768.0
6745,2020,Laos,1296051.0
6890,2020,Latin America and Caribbean,
9607,2020,Latin America and the Caribbean,42890481.0
9608,2020,Latin America and the Caribbean,42890481.0
9609,2020,Latin America and the Caribbean,42890481.0
9610,2020,Latin America and the Caribbean,42890481.0
9611,2020,Latin America and the Caribbean,42890481.0
9612,2020,Latin America and the Caribbean,42890481.0
9613,2020,Latin America and the Caribbean,42890481.0
9614,2020,Latin America and the Caribbean,42890481.0
9615,2020,Latin America and the Caribbean,42890481.0
9616,2020,Latin America and the Caribbean,42890481.0
9617,2020,Latin America and the Caribbean,42890481.0
9618,2020,Latin America and the Caribbean,42890481.0
9619,2020,Latin America and the Caribbean,42890481.0
9620,2020,Latin America and the Caribbean,42890481.0
9621,2020,Latin America and the Caribbean,42890481.0
9622,2020,Latin America and the Caribbean,42890481.0
9623,2020,Latin America and the Caribbean,42890481.0
9624,2020,Latin America and the Caribbean,42890481.0
9625,2020,Latin America and the Caribbean,42890481.0
9626,2020,Latin America and the Caribbean,42890481.0
9627,2020,Latin America and the Caribbean,42890481.0
9628,2020,Latin America and the Caribbean,42890481.0
9629,2020,Latin America and the Caribbean,42890481.0
9630,2020,Latin America and the Caribbean,42890481.0
9631,2020,Latin America and the Caribbean,42890481.0
9632,2020,Latin America and the Caribbean,42890481.0
9633,2020,Latin America and the Caribbean,42890481.0
9634,2020,Latin America and the Caribbean,42890481.0
9635,2020,Latin America and the Caribbean,42890481.0
9636,2020,Latin America and the Caribbean,42890481.0
9637,2020,Latin America and the Caribbean,42890481.0
9638,2020,Latin America and the Caribbean,42890481.0
9639,2020,Latin America and the Caribbean,42890481.0
9640,2020,Latin America and the Caribbean,42890481.0
9641,2020,Latin America and the Caribbean,42890481.0
9642,2020,Latin America and the Caribbean,42890481.0
9643,2020,Latin America and the Caribbean,42890481.0
9644,2020,Latin America and the Caribbean,42890481.0
9645,2020,Latin America and the Caribbean,42890481.0
9646,2020,Latin America and the Caribbean,42890481.0
9647,2020,Latin America and the Caribbean,42890481.0
9648,2020,Latin America and the Caribbean,42890481.0
9649,2020,Latin America and the Caribbean,42890481.0
9650,2020,Latin America and the Caribbean,42890481.0
9651,2020,Latin America and the Caribbean,42890481.0
9652,2020,Latin America and the Caribbean,42890481.0
9653,2020,Latin America and the Caribbean,42890481.0
9654,2020,Latin America and the Caribbean,42890481.0
9655,2020,Latin America and the Caribbean,42890481.0
9656,2020,Latin America and the Caribbean,42890481.0
9657,2020,Latin America and the Caribbean,42890481.0
9658,2020,Latin America and the Caribbean,42890481.0
9659,2020,Latin America and the Caribbean,42890481.0
9660,2020,Latin America and the Caribbean,42890481.0
9661,2020,Latin America and the Caribbean,42890481.0
9662,2020,Latin America and the Caribbean,42890481.0
9663,2020,Latin America and the Caribbean,42890481.0
9664,2020,Latin America and the Caribbean,42890481.0
9665,2020,Latin America and the Caribbean,42890481.0
9666,2020,Latin America and the Caribbean,42890481.0
9667,2020,Latin America and the Caribbean,42890481.0
9668,2020,Latin America and the Caribbean,42890481.0
9669,2020,Latin America and the Caribbean,42890481.0
9670,2020,Latin America and the Caribbean,42890481.0
9671,2020,Latin America and the Caribbean,42890481.0
9672,2020,Latin America and the Caribbean,42890481.0
9673,2020,Latin America and the Caribbean,42890481.0
9674,2020,Latin America and the Caribbean,42890481.0
9675,2020,Latin America and the Caribbean,42890481.0
9676,2020,Latin America and the Caribbean,42890481.0
9677,2020,Latin America and the Caribbean,42890481.0
9678,2020,Latin America and the Caribbean,42890481.0
9679,2020,Latin America and the Caribbean,42890481.0
9680,2020,Latin America and the Caribbean,42890481.0
9681,2020,Latin America and the Caribbean,42890481.0
9682,2020,Latin America and the Caribbean,42890481.0
9683,2020,Latin America and the Caribbean,42890481.0
9684,2020,Latin America and the Caribbean,42890481.0
9685,2020,Latin America and the Caribbean,42890481.0
9686,2020,Latin America and the Caribbean,42890481.0
9687,2020,Latin America and the Caribbean,42890481.0
9688,2020,Latin America and the Caribbean,42890481.0
9689,2020,Latin America and the Caribbean,42890481.0
9690,2020,Latin America and the Caribbean,42890481.0
9691,2020,Latin America and the Caribbean,42890481.0
9692,2020,Latin America and the Caribbean,42890481.0
9693,2020,Latin America and the Caribbean,42890481.0
9694,2020,Latin America and the Caribbean,42890481.0
9695,2020,Latin America and the Caribbean,42890481.0
9696,2020,Latin America and the Caribbean,42890481.0
9697,2020,Latin America and the Caribbean,42890481.0
9698,2020,Latin America and the Caribbean,42890481.0
9699,2020,Latin America and the Caribbean,42890481.0
9700,2020,Latin America and the Caribbean,42890481.0
9701,2020,Latin America and the Caribbean,42890481.0
9702,2020,Latin America and the Caribbean,42890481.0
9703,2020,Latin America and the Caribbean,42890481.0
9704,2020,Latin America and the Caribbean,42890481.0
9705,2020,Latin America and the Caribbean,42890481.0
9706,2020,Latin America and the Caribbean,42890481.0
9707,2020,Latin America and the Caribbean,42890481.0
9708,2020,Latin America and the Caribbean,42890481.0
9709,2020,Latin America and the Caribbean,42890481.0
9710,2020,Latin America and the Caribbean,42890481.0
9711,2020,Latin America and the Caribbean,42890481.0
9712,2020,Latin America and the Caribbean,42890481.0
9713,2020,Latin America and the Caribbean,42890481.0
9714,2020,Latin America and the Caribbean,42890481.0
9715,2020,Latin America and the Caribbean,42890481.0
9716,2020,Latin America and the Caribbean,42890481.0
9717,2020,Latin America and the Caribbean,42890481.0
9718,2020,Latin America and the Caribbean,42890481.0
9719,2020,Latin America and the Caribbean,42890481.0
9720,2020,Latin America and the Caribbean,42890481.0
9721,2020,Latin America and the Caribbean,42890481.0
9722,2020,Latin America and the Caribbean,42890481.0
9723,2020,Latin America and the Caribbean,42890481.0
9724,2020,Latin America and the Caribbean,42890481.0
9725,2020,Latin America and the Caribbean,42890481.0
9726,2020,Latin America and the Caribbean,42890481.0
9727,2020,Latin America and the Caribbean,42890481.0
9728,2020,Latin America and the Caribbean,42890481.0
9729,2020,Latin America and the Caribbean,42890481.0
9730,2020,Latin America and the Caribbean,42890481.0
9731,2020,Latin America and the Caribbean,42890481.0
9732,2020,Latin America and the Caribbean,42890481.0
9733,2020,Latin America and the Caribbean,42890481.0
9734,2020,Latin America and the Caribbean,42890481.0
9735,2020,Latin America and the Caribbean,42890481.0
9736,2020,Latin America and the Caribbean,42890481.0
9737,2020,Latin America and the Caribbean,42890481.0
9738,2020,Latin America and the Caribbean,42890481.0
9739,2020,Latin America and the Caribbean,42890481.0
9740,2020,Latin America and the Caribbean,42890481.0
9741,2020,Latin America and the Caribbean,42890481.0
9742,2020,Latin America and the Caribbean,42890481.0
9743,2020,Latin America and the Caribbean,42890481.0
9744,2020,Latin America and the Caribbean,42890481.0
9745,2020,Latin America and the Caribbean,42890481.0
9746,2020,Latin America and the Caribbean,42890481.0
9747,2020,Latin America and the Caribbean,42890481.0
9748,2020,Latin America and the Caribbean,42890481.0
9749,2020,Latin America and the Caribbean,42890481.0
9750,2020,Latin America and the Caribbean,42890481.0
9751,2020,Latin America and the Caribbean,42890481.0
9752,2020,Latin America and the Caribbean,42890481.0
9753,2020,Latin America and the Caribbean,42890481.0
9754,2020,Latin America and the Caribbean,42890481.0
9755,2020,Latin America and the Caribbean,42890481.0
9756,2020,Latin America and the Caribbean,42890481.0
9757,2020,Latin America and the Caribbean,42890481.0
9758,2020,Latin America and the Caribbean,42890481.0
9759,2020,Latin America and the Caribbean,42890481.0
9760,2020,Latin America and the Caribbean,42890481.0
9761,2020,Latin America and the Caribbean,42890481.0
9762,2020,Latin America and the Caribbean,42890481.0
9763,2020,Latin America and the Caribbean,42890481.0
9764,2020,Latin America and the Caribbean,42890481.0
9765,2020,Latin America and the Caribbean,42890481.0
9766,2020,Latin America and the Caribbean,42890481.0
9767,2020,Latin America and the Caribbean,42890481.0
9768,2020,Latin America and the Caribbean,42890481.0
9769,2020,Latin America and the Caribbean,42890481.0
9770,2020,Latin America and the Caribbean,42890481.0
9771,2020,Latin America and the Caribbean,42890481.0
9772,2020,Latin America and the Caribbean,42890481.0
9773,2020,Latin America and the Caribbean,42890481.0
9774,2020,Latin America and the Caribbean,42890481.0
9775,2020,Latin America and the Caribbean,42890481.0
9776,2020,Latin America and the Caribbean,42890481.0
9777,2020,Latin America and the Caribbean,42890481.0
9778,2020,Latin America and the Caribbean,42890481.0
9779,2020,Latin America and the Caribbean,42890481.0
9780,2020,Latin America and the Caribbean,42890481.0
9781,2020,Latin America and the Caribbean,42890481.0
9782,2020,Latin America and the Caribbean,42890481.0
9783,2020,Latin America and the Caribbean,42890481.0
9784,2020,Latin America and the Caribbean,42890481.0
9785,2020,Latin America and the Caribbean,42890481.0
9786,2020,Latin America and the Caribbean,42890481.0
9787,2020,Latin America and the Caribbean,42890481.0
9788,2020,Latin America and the Caribbean,42890481.0
9789,2020,Latin America and the Caribbean,42890481.0
9790,2020,Latin America and the Caribbean,42890481.0
9791,2020,Latin America and the Caribbean,42890481.0
9792,2020,Latin America and the Caribbean,42890481.0
9793,2020,Latin America and the Caribbean,42890481.0
9794,2020,Latin America and the Caribbean,42890481.0
9795,2020,Latin America and the Caribbean,42890481.0
9796,2020,Latin America and the Caribbean,42890481.0
9797,2020,Latin America and the Caribbean,42890481.0
9798,2020,Latin America and the Caribbean,42890481.0
9799,2020,Latin America and the Caribbean,42890481.0
9800,2020,Latin America and the Caribbean,42890481.0
9801,2020,Latin America and the Caribbean,42890481.0
9802,2020,Latin America and the Caribbean,42890481.0
9803,2020,Latin America and the Caribbean,42890481.0
9804,2020,Latin America and the Caribbean,42890481.0
9805,2020,Latin America and the Caribbean,42890481.0
9806,2020,Latin America and the Caribbean,42890481.0
9807,2020,Latin America and the Caribbean,42890481.0
9808,2020,Latin America and the Caribbean,42890481.0
9809,2020,Latin America and the Caribbean,42890481.0
9810,2020,Latin America and the Caribbean,42890481.0
9811,2020,Latin America and the Caribbean,42890481.0
9812,2020,Latin America and the Caribbean,42890481.0
9813,2020,Latin America and the Caribbean,42890481.0
9814,2020,Latin America and the Caribbean,42890481.0
9815,2020,Latin America and the Caribbean,42890481.0
9816,2020,Latin America and the Caribbean,42890481.0
9817,2020,Latin America and the Caribbean,42890481.0
9818,2020,Latin America and the Caribbean,42890481.0
9819,2020,Latin America and the Caribbean,42890481.0
9820,2020,Latin America and the Caribbean,42890481.0
9821,2020,Latin America and the Caribbean,42890481.0
9822,2020,Latin America and the Caribbean,42890481.0
9823,2020,Latin America and the Caribbean,42890481.0
9824,2020,Latin America and the Caribbean,42890481.0
9825,2020,Latin America and the Caribbean,42890481.0
9826,2020,Latin America and the Caribbean,42890481.0
9827,2020,Latin America and the Caribbean,42890481.0
9828,2020,Latin America and the Caribbean,42890481.0
9829,2020,Latin America and the Caribbean,42890481.0
9830,2020,Latin America and the Caribbean,42890481.0
9831,2020,Latin America and the Caribbean,42890481.0
9832,2020,Latin America and the Caribbean,42890481.0
9833,2020,Latin America and the Caribbean,42890481.0
9834,2020,Latin America and the Caribbean,42890481.0
9835,2020,Latin America and the Caribbean,42890481.0
9836,2020,Latin America and the Caribbean,42890481.0
9837,2020,Latin America and the Caribbean,42890481.0
9838,2020,Latin America and the Caribbean,42890481.0
9839,2020,Latin America and the Caribbean,42890481.0
9840,2020,Latin America and the Caribbean,42890481.0
9841,2020,Latin America and the Caribbean,42890481.0
9842,2020,Latin America and the Caribbean,42890481.0
9843,2020,Latin America and the Caribbean,42890481.0
9844,2020,Latin America and the Caribbean,42890481.0
9845,2020,Latin America and the Caribbean,42890481.0
9846,2020,Latin America and the Caribbean,42890481.0
9847,2020,Latin America and the Caribbean,42890481.0
9848,2020,Latin America and the Caribbean,42890481.0
9849,2020,Latin America and the Caribbean,42890481.0
9850,2020,Latin America and the Caribbean,42890481.0
9851,2020,Latin America and the Caribbean,42890481.0
9852,2020,Latin America and the Caribbean,42890481.0
9853,2020,Latin America and the Caribbean,42890481.0
9854,2020,Latin America and the Caribbean,42890481.0
9855,2020,Latin America and the Caribbean,42890481.0
9856,2020,Latin America and the Caribbean,42890481.0
9857,2020,Latin America and the Caribbean,42890481.0
9858,2020,Latin America and the Caribbean,42890481.0
9859,2020,Latin America and the Caribbean,42890481.0
9860,2020,Latin America and the Caribbean,42890481.0
9861,2020,Latin America and the Caribbean,42890481.0
9862,2020,Latin America and the Caribbean,42890481.0
9863,2020,Latin America and the Caribbean,42890481.0
9864,2020,Latin America and the Caribbean,42890481.0
9865,2020,Latin America and the Caribbean,42890481.0
9866,2020,Latin America and the Caribbean,42890481.0
9867,2020,Latin America and the Caribbean,42890481.0
9868,2020,Latin America and the Caribbean,42890481.0
9869,2020,Latin America and the Caribbean,42890481.0
9870,2020,Latin America and the Caribbean,42890481.0
9871,2020,Latin America and the Caribbean,42890481.0
9872,2020,Latin America and the Caribbean,42890481.0
9873,2020,Latin America and the Caribbean,42890481.0
9874,2020,Latin America and the Caribbean,42890481.0
9875,2020,Latin America and the Caribbean,42890481.0
9876,2020,Latin America and the Caribbean,42890481.0
9877,2020,Latin America and the Caribbean,42890481.0
9878,2020,Latin America and the Caribbean,42890481.0
9879,2020,Latin America and the Caribbean,42890481.0
9880,2020,Latin America and the Caribbean,42890481.0
9881,2020,Latin America and the Caribbean,42890481.0
9882,2020,Latin America and the Caribbean,42890481.0
9883,2020,Latin America and the Caribbean,42890481.0
9884,2020,Latin America and the Caribbean,42890481.0
9885,2020,Latin America and the Caribbean,42890481.0
9886,2020,Latin America and the Caribbean,42890481.0
9887,2020,Latin America and the Caribbean,42890481.0
9888,2020,Latin America and the Caribbean,42890481.0
9889,2020,Latin America and the Caribbean,42890481.0
9890,2020,Latin America and the Caribbean,42890481.0
9891,2020,Latin America and the Caribbean,42890481.0
9892,2020,Latin America and the Caribbean,42890481.0
9893,2020,Latin America and the Caribbean,42890481.0
9894,2020,Latin America and the Caribbean,42890481.0
9895,2020,Latin America and the Caribbean,42890481.0
9896,2020,Latin America and the Caribbean,42890481.0
9897,2020,Latin America and the Caribbean,42890481.0
9898,2020,Latin America and the Caribbean,42890481.0
9899,2020,Latin America and the Caribbean,42890481.0
9900,2020,Latin America and the Caribbean,42890481.0
9901,2020,Latin America and the Caribbean,42890481.0
9902,2020,Latin America and the Caribbean,42890481.0
9903,2020,Latin America and the Caribbean,42890481.0
9904,2020,Latin America and the Caribbean,42890481.0
9905,2020,Latin America and the Caribbean,42890481.0
9906,2020,Latin America and the Caribbean,42890481.0
9907,2020,Latin America and the Caribbean,42890481.0
9908,2020,Latin America and the Caribbean,42890481.0
9909,2020,Latin America and the Caribbean,42890481.0
9910,2020,Latin America and the Caribbean,42890481.0
9911,2020,Latin America and the Caribbean,42890481.0
9912,2020,Latin America and the Caribbean,42890481.0
9913,2020,Latin America and the Caribbean,42890481.0
9914,2020,Latin America and the Caribbean,42890481.0
9915,2020,Latin America and the Caribbean,42890481.0
9916,2020,Latin America and the Caribbean,42890481.0
9917,2020,Latin America and the Caribbean,42890481.0
9918,2020,Latin America and the Caribbean,42890481.0
9919,2020,Latin America and the Caribbean,42890481.0
9920,2020,Latin America and the Caribbean,42890481.0
9921,2020,Latin America and the Caribbean,42890481.0
9922,2020,Latin America and the Caribbean,42890481.0
9923,2020,Latin America and the Caribbean,42890481.0
9924,2020,Latin America and the Caribbean,42890481.0
9925,2020,Latin America and the Caribbean,42890481.0
9926,2020,Latin America and the Caribbean,42890481.0
9927,2020,Latin America and the Caribbean,42890481.0
9928,2020,Latin America and the Caribbean,42890481.0
9929,2020,Latin America and the Caribbean,42890481.0
9930,2020,Latin America and the Caribbean,42890481.0
9931,2020,Latin America and the Caribbean,42890481.0
9932,2020,Latin America and the Caribbean,42890481.0
9933,2020,Latin America and the Caribbean,42890481.0
9934,2020,Latin America and the Caribbean,42890481.0
9935,2020,Latin America and the Caribbean,42890481.0
9936,2020,Latin America and the Caribbean,42890481.0
9937,2020,Latin America and the Caribbean,42890481.0
9938,2020,Latin America and the Caribbean,42890481.0
9939,2020,Latin America and the Caribbean,42890481.0
9940,2020,Latin America and the Caribbean,42890481.0
9941,2020,Latin America and the Caribbean,42890481.0
9942,2020,Latin America and the Caribbean,42890481.0
9943,2020,Latin America and the Caribbean,42890481.0
9944,2020,Latin America and the Caribbean,42890481.0
9945,2020,Latin America and the Caribbean,42890481.0
9946,2020,Latin America and the Caribbean,42890481.0
9947,2020,Latin America and the Caribbean,42890481.0
9948,2020,Latin America and the Caribbean,42890481.0
9949,2020,Latin America and the Caribbean,42890481.0
9950,2020,Latin America and the Caribbean,42890481.0
9951,2020,Latin America and the Caribbean,42890481.0
9952,2020,Latin America and the Caribbean,42890481.0
9953,2020,Latin America and the Caribbean,42890481.0
9954,2020,Latin America and the Caribbean,42890481.0
9955,2020,Latin America and the Caribbean,42890481.0
9956,2020,Latin America and the Caribbean,42890481.0
9957,2020,Latin America and the Caribbean,42890481.0
9958,2020,Latin America and the Caribbean,42890481.0
9959,2020,Latin America and the Caribbean,42890481.0
9960,2020,Latin America and the Caribbean,42890481.0
9961,2020,Latin America and the Caribbean,42890481.0
9962,2020,Latin America and the Caribbean,42890481.0
9963,2020,Latin America and the Caribbean,42890481.0
9964,2020,Latin America and the Caribbean,42890481.0
9965,2020,Latin America and the Caribbean,42890481.0
9966,2020,Latin America and the Caribbean,42890481.0
9967,2020,Latin America and the Caribbean,42890481.0
9968,2020,Latin America and the Caribbean,42890481.0
9969,2020,Latin America and the Caribbean,42890481.0
9970,2020,Latin America and the Caribbean,42890481.0
9971,2020,Latin America and the Caribbean,42890481.0
9972,2020,Latin America and the Caribbean,42890481.0
9973,2020,Latin America and the Caribbean,42890481.0
9974,2020,Latin America and the Caribbean,42890481.0
9975,2020,Latin America and the Caribbean,42890481.0
9976,2020,Latin America and the Caribbean,42890481.0
9977,2020,Latin America and the Caribbean,42890481.0
9978,2020,Latin America and the Caribbean,42890481.0
9979,2020,Latin America and the Caribbean,42890481.0
9980,2020,Latin America and the Caribbean,42890481.0
9981,2020,Latin America and the Caribbean,42890481.0
9982,2020,Latin America and the Caribbean,42890481.0
9983,2020,Latin America and the Caribbean,42890481.0
9984,2020,Latin America and the Caribbean,42890481.0
9985,2020,Latin America and the Caribbean,42890481.0
9986,2020,Latin America and the Caribbean,42890481.0
9987,2020,Latin America and the Caribbean,42890481.0
9988,2020,Latin America and the Caribbean,42890481.0
9989,2020,Latin America and the Caribbean,42890481.0
9990,2020,Latin America and the Caribbean,42890481.0
9991,2020,Latin America and the Caribbean,42890481.0
9992,2020,Latin America and the Caribbean,42890481.0
9993,2020,Latin America and the Caribbean,42890481.0
9994,2020,Latin America and the Caribbean,42890481.0
9995,2020,Latin America and the Caribbean,42890481.0
9996,2020,Latin America and the Caribbean,42890481.0
9997,2020,Latin America and the Caribbean,42890481.0
9998,2020,Latin America and the Caribbean,42890481.0
9999,2020,Latin America and the Caribbean,42890481.0
10000,2020,Latin America and the Caribbean,42890481.0
10001,2020,Latin America and the Caribbean,42890481.0
10002,2020,Latin America and the Caribbean,42890481.0
10003,2020,Latin America and the Caribbean,42890481.0
10004,2020,Latin America and the Caribbean,42890481.0
10005,2020,Latin America and the Caribbean,42890481.0
10006,2020,Latin America and the Caribbean,42890481.0
10007,2020,Latin America and the Caribbean,42890481.0
10008,2020,Latin America and the Caribbean,42890481.0
10009,2020,Latin America and the Caribbean,42890481.0
10010,2020,Latin America and the Caribbean,42890481.0
10011,2020,Latin America and the Caribbean,42890481.0
10012,2020,Latin America and the Caribbean,42890481.0
10013,2020,Latin America and the Caribbean,42890481.0
10014,2020,Latin America and the Caribbean,42890481.0
10015,2020,Latin America and the Caribbean,42890481.0
10016,2020,Latin America and the Caribbean,42890481.0
10017,2020,Latin America and the Caribbean,42890481.0
10018,2020,Latin America and the Caribbean,42890481.0
10019,2020,Latin America and the Caribbean,42890481.0
10020,2020,Latin America and the Caribbean,42890481.0
10021,2020,Latin America and the Caribbean,42890481.0
10022,2020,Latin America and the Caribbean,42890481.0
10023,2020,Latin America and the Caribbean,42890481.0
10024,2020,Latin America and the Caribbean,42890481.0
10025,2020,Latin America and the Caribbean,42890481.0
10026,2020,Latin America and the Caribbean,42890481.0
10027,2020,Latin America and the Caribbean,42890481.0
10028,2020,Latin America and the Caribbean,42890481.0
10029,2020,Latin America and the Caribbean,42890481.0
10030,2020,Latin America and the Caribbean,42890481.0
10031,2020,Latin America and the Caribbean,42890481.0
10032,2020,Latin America and the Caribbean,42890481.0
10033,2020,Latin America and the Caribbean,42890481.0
10034,2020,Latin America and the Caribbean,42890481.0
10035,2020,Latin America and the Caribbean,42890481.0
10036,2020,Latin America and the Caribbean,42890481.0
10037,2020,Latin America and the Caribbean,42890481.0
10038,2020,Latin America and the Caribbean,42890481.0
10039,2020,Latin America and the Caribbean,42890481.0
10040,2020,Latin America and the Caribbean,42890481.0
10041,2020,Latin America and the Caribbean,42890481.0
10042,2020,Latin America and the Caribbean,42890481.0
10043,2020,Latin America and the Caribbean,42890481.0
10044,2020,Latin America and the Caribbean,42890481.0
10045,2020,Latin America and the Caribbean,42890481.0
10046,2020,Latin America and the Caribbean,42890481.0
10047,2020,Latin America and the Caribbean,42890481.0
10048,2020,Latin America and the Caribbean,42890481.0
10049,2020,Latin America and the Caribbean,42890481.0
10050,2020,Latin America and the Caribbean,42890481.0
10051,2020,Latin America and the Caribbean,42890481.0
10052,2020,Latin America and the Caribbean,42890481.0
10053,2020,Latin America and the Caribbean,42890481.0
10054,2020,Latin America and the Caribbean,42890481.0
10055,2020,Latin America and the Caribbean,42890481.0
10056,2020,Latin America and the Caribbean,42890481.0
10057,2020,Latin America and the Caribbean,42890481.0
10058,2020,Latin America and the Caribbean,42890481.0
10059,2020,Latin America and the Caribbean,42890481.0
10060,2020,Latin America and the Caribbean,42890481.0
10061,2020,Latin America and the Caribbean,42890481.0
10062,2020,Latin America and the Caribbean,42890481.0
10063,2020,Latin America and the Caribbean,42890481.0
10064,2020,Latin America and the Caribbean,42890481.0
10065,2020,Latin America and the Caribbean,42890481.0
10066,2020,Latin America and the Caribbean,42890481.0
10067,2020,Latin America and the Caribbean,42890481.0
10068,2020,Latin America and the Caribbean,42890481.0
10069,2020,Latin America and the Caribbean,42890481.0
10070,2020,Latin America and the Caribbean,42890481.0
10071,2020,Latin America and the Caribbean,42890481.0
10072,2020,Latin America and the Caribbean,42890481.0
10073,2020,Latin America and the Caribbean,42890481.0
10074,2020,Latin America and the Caribbean,42890481.0
10075,2020,Latin America and the Caribbean,42890481.0
10076,2020,Latin America and the Caribbean,42890481.0
10077,2020,Latin America and the Caribbean,42890481.0
10078,2020,Latin America and the Caribbean,42890481.0
10079,2020,Latin America and the Caribbean,42890481.0
10080,2020,Latin America and the Caribbean,42890481.0
10081,2020,Latin America and the Caribbean,42890481.0
10082,2020,Latin America and the Caribbean,42890481.0
10083,2020,Latin America and the Caribbean,42890481.0
10084,2020,Latin America and the Caribbean,42890481.0
10085,2020,Latin America and the Caribbean,42890481.0
10086,2020,Latin America and the Caribbean,42890481.0
10087,2020,Latin America and the Caribbean,42890481.0
10088,2020,Latin America and the Caribbean,42890481.0
10089,2020,Latin America and the Caribbean,42890481.0
10090,2020,Latin America and the Caribbean,42890481.0
10091,2020,Latin America and the Caribbean,42890481.0
10092,2020,Latin America and the Caribbean,42890481.0
10093,2020,Latin America and the Caribbean,42890481.0
10094,2020,Latin America and the Caribbean,42890481.0
10095,2020,Latin America and the Caribbean,42890481.0
10096,2020,Latin America and the Caribbean,42890481.0
10097,2020,Latin America and the Caribbean,42890481.0
10098,2020,Latin America and the Caribbean,42890481.0
10099,2020,Latin America and the Caribbean,42890481.0
10100,2020,Latin America and the Caribbean,42890481.0
10101,2020,Latin America and the Caribbean,42890481.0
10102,2020,Latin America and the Caribbean,42890481.0
10103,2020,Latin America and the Caribbean,42890481.0
10104,2020,Latin America and the Caribbean,42890481.0
10105,2020,Latin America and the Caribbean,42890481.0
10106,2020,Latin America and the Caribbean,42890481.0
10107,2020,Latin America and the Caribbean,42890481.0
10108,2020,Latin America and the Caribbean,42890481.0
10109,2020,Latin America and the Caribbean,42890481.0
10110,2020,Latin America and the Caribbean,42890481.0
10111,2020,Latin America and the Caribbean,42890481.0
10112,2020,Latin America and the Caribbean,42890481.0
10113,2020,Latin America and the Caribbean,42890481.0
10114,2020,Latin America and the Caribbean,42890481.0
10115,2020,Latin America and the Caribbean,42890481.0
10116,2020,Latin America and the Caribbean,42890481.0
10117,2020,Latin America and the Caribbean,42890481.0
10118,2020,Latin America and the Caribbean,42890481.0
10158,2020,Latvia,380010.0
10172,2020,Least developed countries,47604597.0
10261,2020,Lebanon,856814.0
10314,2020,Lesotho,202164.0
10328,2020,Less developed regions,198125584.0
10342,2020,"Less developed regions, excluding China",186511434.0
10356,2020,"Less developed regions, excluding least developed countries",150520987.0
10401,2020,Liberia,233564.0
10446,2020,Libya,185518.0
10468,2020,Liechtenstein,3706.0
10507,2020,Lithuania,658057.0
10595,2020,Low-income countries,37419672.0
10649,2020,Lower-middle-income countries,89747316.0
10696,2020,Luxembourg,81757.0
10745,2020,Macao,145192.0
10795,2020,Madagascar,193526.0
10851,2020,Malawi,311052.0
10900,2020,Malaysia,1860037.0
10942,2020,Maldives,3715.0
10991,2020,Mali,1303511.0
11043,2020,Malta,102793.0
11061,2020,Marshall Islands,10886.0
11075,2020,Martinique,12963.0
11124,2020,Mauritania,130226.0
11158,2020,Mauritius,182973.0
11172,2020,Mayotte,6767.0
11186,2020,Melanesia,256021.0
11238,2020,Mexico,11185737.0
11252,2020,Micronesia (country),50998.0
11273,2020,Micronesia (region),24945.0
11287,2020,Middle Africa,4420662.0
11352,2020,Middle East and North Africa,
11404,2020,Middle-income countries,177395834.0
11438,2020,Moldova,1159443.0
11451,2020,Monaco,32552.0
11483,2020,Mongolia,82098.0
11508,2020,Montenegro,132965.0
11515,2020,Montserrat,24582.0
11529,2020,More developed regions,
11595,2020,Morocco,3262222.0
11653,2020,Mozambique,640160.0
11693,2020,Myanmar,3711751.0
11749,2020,Namibia,47770.0
11767,2020,Nauru,2454.0
11825,2020,Nepal,2599701.0
11893,2020,Netherlands,970403.0
11918,2020,New Caledonia,5839.0
11970,2020,New Zealand,806159.0
12017,2020,Nicaragua,718154.0
12067,2020,Niger,399707.0
12115,2020,Nigeria,1670455.0
12128,2020,Niue,5186.0
12142,2020,No income group available,
12183,2020,North America,
12214,2020,North Korea,110377.0
12249,2020,North Macedonia,693896.0
12263,2020,Northern Africa,12282625.0
12277,2020,Northern Africa and Western Asia,37563820.0
12330,2020,Northern America,4327958.0
12331,2020,Northern America,4327958.0
12332,2020,Northern America,4327958.0
12333,2020,Northern America,4327958.0
12347,2020,Northern Europe,7884780.0
12355,2020,Northern Mariana Islands,2741.0
12418,2020,Norway,191392.0
12472,2020,Oceania,1970205.0
12486,2020,Oceania (excluding Australia and New Zealand),565281.0
12532,2020,Oman,25099.0
12539,2020,Other,12657151.0
12642,2020,Pakistan,6328400.0
12659,2020,Palau,2656.0
12702,2020,Palestine,4022791.0
12751,2020,Panama,139520.0
12799,2020,Papua New Guinea,4810.0
12851,2020,Paraguay,896484.0
12903,2020,Peru,1519635.0
12952,2020,Philippines,6094307.0
13014,2020,Poland,4825096.0
13028,2020,Polynesia,258262.0
13077,2020,Portugal,2081419.0
13161,2020,Puerto Rico,1850529.0
13198,2020,Qatar,25705.0
13212,2020,Reunion,3064.0
13274,2020,Romania,3987093.0
13336,2020,Russia,10756697.0
13396,2020,Rwanda,492489.0
13403,2020,Saint Barthlemy,0.0
13410,2020,Saint Helena,4885.0
13411,2020,"Saint Helena, Ascension and Tristan da Cunha",
13450,2020,Saint Kitts and Nevis,50285.0
13492,2020,Saint Lucia,71227.0
13499,2020,Saint Martin (French part),0.0
13506,2020,Saint Pierre and Miquelon,433.0
13546,2020,Saint Vincent and the Grenadines,55525.0
13589,2020,Samoa,135732.0
13596,2020,San Marino,2407.0
13630,2020,Sao Tome and Principe,39608.0
13673,2020,Saudi Arabia,299268.0
13731,2020,Senegal,693765.0
13755,2020,Serbia,1003962.0
13852,2020,Seychelles,29258.0
13900,2020,Sierra Leone,152486.0
13944,2020,Singapore,348464.0
13956,2020,Sint Maarten (Dutch part),2191.0
13990,2020,Slovakia,419651.0
14025,2020,Slovenia,160197.0
14039,2020,Small Island Developing States (SIDS),
14046,2020,Small island developing States (SIDS),11559408.0
14101,2020,Solomon Islands,4270.0
14150,2020,Somalia,2034221.0
14206,2020,South Africa,914901.0
14220,2020,South America,17612735.0
14263,2020,South Asia,
14353,2020,South Korea,2204554.0
14375,2020,South Sudan,2575870.0
14389,2020,South-Eastern Asia,23580736.0
14403,2020,Southern Africa,1278435.0
14417,2020,Southern Asia,43394045.0
14431,2020,Southern Europe,14017111.0
14493,2020,Spain,1489823.0
14542,2020,Sri Lanka,1960025.0
14626,2020,Sub-Saharan Africa,28284538.0
14764,2020,Sudan,2104887.0
14811,2020,Suriname,273209.0
14879,2020,Sweden,327581.0
14947,2020,Switzerland,713623.0
14994,2020,Syria,8457214.0
15001,2020,Taiwan,0.0
15036,2020,Tajikistan,586851.0
15094,2020,Tanzania,327863.0
15143,2020,Thailand,1086985.0
15228,2020,Timor-Leste,39588.0
15281,2020,Togo,545409.0
15288,2020,Tokelau,2112.0
15332,2020,Tonga,74550.0
15381,2020,Trinidad and Tobago,330519.0
15438,2020,Tunisia,902268.0
15506,2020,Turkey,3411408.0
15540,2020,Turkmenistan,242554.0
15558,2020,Turks and Caicos Islands,2689.0
15583,2020,Tuvalu,3670.0
15643,2020,Uganda,781440.0
15678,2020,Ukraine,6139144.0
15727,2020,United Arab Emirates,203214.0
15795,2020,United Kingdom,4732510.0
15863,2020,United States,2996223.0
15877,2020,United States Virgin Islands,3908.0
15994,2020,Upper-middle-income countries,87648518.0
16046,2020,Uruguay,367060.0
16081,2020,Uzbekistan,2027823.0
16124,2020,Vanuatu,7246.0
16132,2020,Vatican,174.0
16185,2020,Venezuela,5415337.0
16240,2020,Vietnam,3392025.0
16247,2020,Wallis and Futuna,11917.0
16270,2020,West and Central Africa,
16284,2020,Western Africa,10558152.0
16298,2020,Western Asia,25281195.0
16312,2020,Western Europe,9177420.0
16361,2020,Western Sahara,194932.0
16407,2020,World,280598105.0
16454,2020,Yemen,1301166.0
16511,2020,Zambia,200700.0
16560,2020,Zimbabwe,1243314.0
